{"page": 218, "w": 5493, "h": 4250, "hits": [{"text": "江铃福顺", "conf": 0.999160647392273, "box": {"x": 372, "y": 191, "w": 303, "h": 72}}, {"text": "接插件视图", "conf": 0.9997254610061646, "box": {"x": 4358, "y": 191, "w": 455, "h": 89}}, {"text": "150-74", "conf": 0.9860058426856995, "box": {"x": 4839, "y": 205, "w": 249, "h": 62}}, {"text": "0-74", "conf": 0.9968515634536743, "box": {"x": 4932, "y": 194, "w": 189, "h": 83}}]}