{"page": 128, "w": 5493, "h": 4250, "hits": [{"text": "江铃福顺", "conf": 0.999160647392273, "box": {"x": 372, "y": 191, "w": 303, "h": 72}}, {"text": "驻车辅助控制系统", "conf": 0.9995975494384766, "box": {"x": 4090, "y": 191, "w": 717, "h": 88}}, {"text": "145-2", "conf": 0.9981976747512817, "box": {"x": 4890, "y": 202, "w": 198, "h": 70}}, {"text": "45-2", "conf": 0.999832034111023, "box": {"x": 4929, "y": 192, "w": 194, "h": 88}}]}