{"page": 2, "w": 5493, "h": 4250, "hits": [{"text": "江铃福顺", "conf": 0.999160647392273, "box": {"x": 372, "y": 191, "w": 303, "h": 72}}, {"text": "内容表", "conf": 0.9996514320373535, "box": {"x": 4540, "y": 187, "w": 268, "h": 97}}, {"text": "1-2", "conf": 0.9963139891624451, "box": {"x": 4988, "y": 197, "w": 107, "h": 81}}, {"text": "1-2", "conf": 0.999498188495636, "box": {"x": 4993, "y": 198, "w": 129, "h": 81}}]}